Subtitle Words,Search,Ignore
abdication,,
able,,
about,,
accept,,
accident,,
accurate,,
accused,,
accusing,,
ache,,
ached,,
acquired,,
act,,
acting,,
activities,,
actually,,
adorable,,
adored,,
advance,,
affects,,
afraid,,
after,,
afternoon,,
afterward,,
afterwards,,
again,,
against,,
age,,
agency,,
agent,,
agile,,
agitated,,
agitates,,
ago,,
agree,,
ah,,
ahead,,
air,,
alarmed,,
alex,,
alias,,
alive,,
all,,
alley,,
allow,,
almost,,
alone,,
along,,
already,,
also,,
always,,
am,,
amazed,,
amnesia,,
amnesic,,
among,,
amongst,,
amorous,,
amuck,,
an,,
analysis,,
analyst,,
analysts,,
analyze,,
analyzed,,
analyzing,,
and,,
angel,,
anger,,
angry,,
announce,,
announcer,,
annoyed,,
another,,
answer,,
answering,,
anthony,,
any,,
anybody,,
anymore,,
anything,,
anywhere,,
apologize,,
apparently,,
appeared,,
appetite,,
approach,,
are,,
argued,,
argument,,
arms,,
army,,
around,,
arranged,,
arrive,,
arrived,,
arrives,,
as,,
aside,,
ask,,
asked,,
asking,,
asleep,,
ass,,
assign,,
assistant,,
assure,,
at,,
attention,,
attitudes,,
attract,,
attractive,,
authority,,
aw,,
aware,,
away,,
awful,,
awfully,,
b,,
babble,,
babbling,,
babies,,
baby,,
back,,
backward,,
bad,,
baggage,,
bags,,
bah,,
ball,,
ballyntine,,
band,,
banquet,,
basic,,
bathhouse,,
be,,
bear,,
beard,,
bearded,,
beat,,
beaten,,
beating,,
beautiful,,
became,,
because,,
become,,
becomes,,
bed,,
been,,
beer,,
before,,
beg,,
began,,
begin,,
beginning,,
begins,,
behavior,,
behind,,
being,,
believe,,
believer,,
believes,,
bell,,
belong,,
best,,
better,,
beyond,,
biff,,
big,,
bigger,,
biggest,,
bilious,,
birmingham,,
bit,,
bite,,
blacks,,
bladder,,
blame,,
blank,,
blinds,,
blood,,
bloodhound,,
blossom,,
blowing,,
blush,,
board,,
body,,
boob,,
book,,
books,,
bores,,
boring,,
borrow,,
boston,,
both,,
bothered,,
bottle,,
bottles,,
bottom,,
bound,,
bowling,,
boy,,
boys,,
brain,,
brains,,
break,,
breakdown,,
breakfast,,
breath,,
briar,,
brilliant,,
bring,,
broke,,
bromide,,
bromides,,
brother,,
brought,,
brown,,
brulov,,
bug,,
building,,
bullet,,
bumping,,
bundles,,
buried,,
burned,,
burning,,
burns,,
busy,,
but,,
buying,,
buzzes,,
buzzing,,
by,,
bye,,
ca,,
call,,
called,,
calling,,
callousness,,
calmed,,
came,,
can,,
cannot,,
car,,
card,,
cards,,
care,,
career,,
carefully,,
carmichael,,
carried,,
casanova,,
case,,
cases,,
catch,,
caught,,
cause,,
caused,,
cells,,
central,,
certain,,
certainly,,
chair,,
chairs,,
chance,,
chances,,
change,,
changed,,
character,,
characteristics,,
charmer,,
charming,,
chased,,
chases,,
chasing,,
cheating,,
check,,
cheek,,
cheerfulness,,
chief,,
child,,
childhood,,
chimney,,
chirping,,
chuckles,,
chuckling,,
cigarette,,
circumstances,,
claiming,,
cleaning,,
clear,,
cleared,,
clearing,,
clever,,
cliff,,
climbing,,
close,,
closed,,
closes,,
clothes,,
clouds,,
club,,
clubs,,
coat,,
cockeyed,,
coffee,,
coherently,,
cold,,
collapse,,
collapsed,,
color,,
coloring,,
columbia,,
come,,
comes,,
coming,,
commit,,
committed,,
company,,
complaining,,
complete,,
completely,,
complex,,
complexes,,
complicated,,
conceal,,
condition,,
conferences,,
confession,,
confided,,
confused,,
confusion,,
congratulate,,
connected,,
connections,,
consider,,
considers,,
constance,,
contains,,
continue,,
continues,,
contradictions,,
convention,,
convicted,,
conviction,,
convince,,
convinced,,
cook,,
cooley,,
corner,,
corps,,
correct,,
corridor,,
couch,,
could,,
couldn,,
course,,
coverlet,,
coy,,
crack,,
crackers,,
cramer,,
crazier,,
crazy,,
creaks,,
creature,,
crime,,
criminal,,
criticism,,
crowded,,
crumble,,
crumbled,,
crying,,
crystal,,
cumberland,,
cunning,,
cure,,
cured,,
curing,,
curious,,
curtains,,
custodian,,
cut,,
cutting,,
d,,
dancing,,
danger,,
dangerous,,
dared,,
dark,,
darling,,
dash,,
data,,
day,,
daydreams,,
days,,
dead,,
deal,,
dealing,,
dealt,,
dear,,
death,,
deeper,,
definite,,
degree,,
deliberate,,
delusion,,
delusions,,
deny,,
depending,,
described,,
description,,
descriptions,,
deserted,,
desires,,
destroy,,
details,,
detain,,
detected,,
detective,,
detest,,
developments,,
develops,,
devil,,
devotion,,
diagnose,,
diagnosis,,
did,,
didn,,
die,,
different,,
differently,,
difficult,,
dimple,,
dinner,,
diploma,,
disappeared,,
discover,,
discuss,,
discussed,,
disease,,
disorders,,
distracted,,
distress,,
disturb,,
disturbed,,
diversions,,
dizzy,,
do,,
doctor,,
doctors,,
does,,
doesn,,
dogs,,
doing,,
don,,
done,,
door,,
doorbell,,
doors,,
double,,
doubt,,
down,,
downstairs,,
dr,,
dragging,,
dramas,,
drapes,,
dreadful,,
dream,,
dreamed,,
dreaming,,
dreams,,
dreamt,,
dreary,,
dressed,,
drink,,
drooled,,
drooling,,
drop,,
dropped,,
dropping,,
drugs,,
drunk,,
due,,
dull,,
dumps,,
during,,
duties,,
duty,,
dynamite,,
ear,,
early,,
eat,,
eaten,,
edge,,
editions,,
edwarde,,
edwardes,,
effort,,
egg,,
eggbeater,,
eh,,
either,,
electric,,
elm,,
elms,,
else,,
em,,
embraces,,
embracing,,
eminent,,
emotional,,
emotionally,,
encountered,,
end,,
endangering,,
enjoying,,
enlarged,,
enough,,
entirely,,
episode,,
escaped,,
escapes,,
escaping,,
especially,,
ethical,,
even,,
evening,,
ever,,
every,,
everybody,,
everyone,,
everything,,
evidence,,
evidently,,
evil,,
ex,,
exactly,,
examine,,
excellent,,
except,,
excited,,
excuse,,
execute,,
exhaustion,,
exhibition,,
exist,,
expect,,
expected,,
experienced,,
explain,,
explained,,
explodes,,
expression,,
extenuating,,
eye,,
eyes,,
face,,
fact,,
facts,,
faintest,,
fair,,
fake,,
fall,,
falls,,
familiar,,
fancied,,
fantasies,,
fantasy,,
far,,
fatal,,
father,,
fault,,
favor,,
favorably,,
favorite,,
federal,,
feeding,,
feel,,
feeling,,
feels,,
feet,,
fell,,
fellow,,
felt,,
female,,
feminine,,
festive,,
few,,
fiendish,,
fight,,
fighter,,
fighting,,
figure,,
figured,,
figures,,
files,,
filling,,
find,,
findings,,
fine,,
fingerprints,,
fire,,
firmly,,
first,,
fit,,
fits,,
five,,
fix,,
fixtures,,
fleurot,,
floor,,
florida,,
flying,,
foggy,,
follow,,
followed,,
fond,,
food,,
fool,,
fools,,
foot,,
for,,
forearm,,
forefinger,,
forget,,
forgetting,,
forgive,,
forgotten,,
fork,,
formal,,
forty,,
found,,
four,,
free,,
french,,
fresh,,
freud,,
friend,,
friendly,,
friends,,
frighten,,
frightened,,
frightens,,
frisked,,
from,,
frozen,,
frustrated,,
full,,
fully,,
fun,,
funny,,
gabriel,,
gall,,
gambling,,
game,,
garme,,
garmes,,
gasps,,
gave,,
gentlemen,,
george,,
georgia,,
get,,
gettin,,
getting,,
giggle,,
giggles,,
gillespie,,
girl,,
give,,
given,,
gives,,
giving,,
glacier,,
glad,,
glass,,
glasses,,
go,,
goes,,
going,,
gone,,
gonna,,
good,,
goodness,,
got,,
gotta,,
grade,,
graff,,
grafts,,
grand,,
grant,,
grass,,
grateful,,
great,,
greatest,,
green,,
grew,,
ground,,
grounds,,
grove,,
grows,,
guards,,
guess,,
guest,,
guilt,,
guilty,,
gun,,
guy,,
guys,,
gymnast,,
gymnastics,,
had,,
hadn,,
hair,,
half,,
hallucination,,
ham,,
hand,,
hands,,
handwriting,,
hanging,,
hangs,,
hanish,,
happen,,
happened,,
happening,,
happens,,
happiness,,
happy,,
hard,,
hardly,,
harm,,
harpy,,
harry,,
has,,
hasn,,
hate,,
hated,,
hates,,
hatred,,
hats,,
haunted,,
have,,
haven,,
having,,
he,,
head,,
headache,,
headquarters,,
heads,,
health,,
hear,,
heard,,
heart,,
hearty,,
heaven,,
help,,
helping,,
hen,,
hennessy,,
her,,
here,,
hi,,
hidden,,
hide,,
hiding,,
high,,
highway,,
hill,,
him,,
himself,,
his,,
history,,
hit,,
hmm,,
hold,,
holding,,
home,,
honeymoon,,
honor,,
hooey,,
hope,,
horrible,,
horror,,
horses,,
hospital,,
hot,,
hotel,,
hotels,,
hour,,
house,,
housekeeper,,
hover,,
how,,
huh,,
human,,
humor,,
hundred,,
hung,,
hunted,,
hurry,,
hurt,,
hurts,,
husband,,
i,,
ice,,
idea,,
ideas,,
identified,,
identity,,
if,,
ignores,,
ill,,
illness,,
image,,
imagination,,
imagine,,
imagined,,
imagining,,
imbecilic,,
immediately,,
immune,,
impossible,,
impostor,,
impress,,
impressed,,
in,,
including,,
incurable,,
inexhaustible,,
infinitely,,
inflamed,,
inform,,
informed,,
inhibitions,,
initials,,
inmates,,
innocence,,
inquiries,,
inquiry,,
insane,,
insist,,
insisted,,
inspire,,
instance,,
instant,,
instead,,
instinct,,
institution,,
instructive,,
intellect,,
intelligence,,
intend,,
intended,,
interested,,
interesting,,
internship,,
interpretation,,
into,,
intuition,,
invalided,,
invariably,,
investigating,,
investigation,,
invited,,
involved,,
irregular,,
irritate,,
is,,
isn,,
it,,
italy,,
j,,
jeopardize,,
job,,
john,,
join,,
joining,,
jokes,,
just,,
keen,,
keep,,
ken,,
kept,,
ketchup,,
key,,
kick,,
kill,,
killed,,
killing,,
kind,,
king,,
kiss,,
kissed,,
kisses,,
kissing,,
kleptomaniac,,
kleptomaniacs,,
knew,,
knock,,
knocking,,
know,,
knowing,,
known,,
knows,,
l,,
labyrinth,,
lack,,
lady,,
lap,,
large,,
last,,
late,,
lately,,
later,,
latest,,
latter,,
laughing,,
laughs,,
law,,
lean,,
leaning,,
learn,,
learned,,
least,,
leave,,
leaves,,
leaving,,
lecture,,
led,,
left,,
less,,
lesson,,
let,,
letting,,
level,,
librarian,,
library,,
lies,,
lieutenant,,
life,,
lifeless,,
light,,
lightning,,
lights,,
like,,
liked,,
likely,,
likes,,
line,,
linen,,
lines,,
listen,,
listening,,
literary,,
little,,
live,,
lived,,
liverwurst,,
living,,
ll,,
loaded,,
loathe,,
local,,
locale,,
logic,,
logically,,
lolling,,
long,,
longer,,
look,,
looked,,
lookin,,
looking,,
looks,,
lose,,
loss,,
lost,,
lot,,
lots,,
love,,
lovebirds,,
loved,,
lovely,,
loving,,
lowest,,
loyalty,,
luck,,
luckily,,
lunch,,
lying,,
lyrical,,
m,,
ma,,
mad,,
madam,,
made,,
madly,,
madman,,
mail,,
make,,
makes,,
making,,
mama,,
man,,
manhattan,,
mannerisms,,
manners,,
manors,,
many,,
marching,,
marks,,
marriage,,
married,,
marry,,
mary,,
mask,,
masked,,
matter,,
may,,
maybe,,
mcnutt,,
mean,,
meaning,,
means,,
meant,,
medical,,
meet,,
members,,
memory,,
men,,
mental,,
mentally,,
mention,,
mentioned,,
mentions,,
merely,,
mess,,
met,,
might,,
mighty,,
mile,,
milk,,
million,,
millionaires,,
mind,,
mine,,
minute,,
minutes,,
mirror,,
misconception,,
miss,,
missing,,
mixed,,
mixes,,
mm,,
moans,,
mockingly,,
moll,,
moment,,
months,,
more,,
morning,,
most,,
mother,,
mountains,,
mountainside,,
moustache,,
mouth,,
mr,,
much,,
murchison,,
murder,,
murdered,,
murderer,,
murders,,
must,,
mustard,,
mustn,,
mutters,,
my,,
myself,,
mystery,,
name,,
names,,
narcotics,,
nasty,,
naturally,,
nature,,
near,,
necessary,,
need,,
neighborhood,,
nerve,,
nerves,,
nervous,,
nest,,
never,,
new,,
newscaster,,
next,,
nice,,
nickel,,
night,,
nightmare,,
nitwit,,
no,,
nobody,,
nocturnal,,
none,,
nonsense,,
noon,,
norma,,
normal,,
nose,,
not,,
noted,,
notes,,
nothing,,
notice,,
notion,,
now,,
nuisance,,
number,,
nursery,,
oblong,,
obvious,,
obviously,,
occupied,,
occupies,,
odd,,
of,,
off,,
offended,,
offending,,
offer,,
office,,
officially,,
often,,
oh,,
ohhh,,
old,,
on,,
once,,
one,,
only,,
open,,
opener,,
opens,,
operating,,
operation,,
opposite,,
or,,
orange,,
orchestra,,
order,,
ordered,,
orders,,
ordinary,,
other,,
others,,
ought,,
our,,
out,,
outcroppings,,
outside,,
over,,
overworked,,
owe,,
own,,
pack,,
packing,,
pain,,
painted,,
pair,,
panic,,
panting,,
pants,,
papa,,
paper,,
papers,,
paranoid,,
pardon,,
parents,,
part,,
particularly,,
passed,,
patch,,
patient,,
patients,,
pay,,
penalty,,
people,,
perfect,,
perfectly,,
perhaps,,
persecution,,
persistent,,
person,,
personally,,
pet,,
petersen,,
philadelphia,,
phobias,,
phone,,
phony,,
photophobia,,
pick,,
picked,,
picnics,,
picture,,
pictures,,
pieces,,
pig,,
pittsburgh,,
place,,
plain,,
plane,,
planned,,
play,,
playing,,
please,,
pleased,,
pleasure,,
plunge,,
plunged,,
pneumonia,,
poems,,
poets,,
point,,
pointed,,
police,,
policeman,,
pool,,
poor,,
possibility,,
possible,,
possibly,,
post,,
practical,,
practically,,
precipice,,
prefer,,
present,,
presume,,
pretend,,
pretended,,
pretending,,
pretty,,
private,,
probably,,
problem,,
problems,,
prodding,,
profession,,
professor,,
professors,,
program,,
progress,,
promising,,
promotion,,
proof,,
proportion,,
proprietor,,
prove,,
providing,,
psychiatrist,,
psychiatrists,,
psychiatry,,
psychoanalysis,,
psychoanalyst,,
psychoanalysts,,
psychoanalytic,,
psychoanalyzed,,
psychologist,,
psychology,,
psychosis,,
public,,
pull,,
pulsations,,
pulse,,
pulsing,,
punch,,
punishment,,
pupil,,
pupils,,
pursued,,
pushed,,
puss,,
put,,
putting,,
puzzle,,
quadrant,,
quarrel,,
quarreled,,
quarters,,
question,,
questions,,
quick,,
quicker,,
quickly,,
quite,,
race,,
radio,,
railroad,,
ran,,
rarely,,
rather,,
re,,
reactions,,
read,,
ready,,
real,,
reality,,
realize,,
realized,,
really,,
reason,,
recall,,
recently,,
recognize,,
recognized,,
record,,
recover,,
recovered,,
recovery,,
refused,,
regard,,
registered,,
registration,,
regressions,,
regularly,,
reins,,
relative,,
relive,,
relived,,
remain,,
remaining,,
remarkable,,
remember,,
remembered,,
remembering,,
remind,,
reminds,,
remove,,
reopening,,
repeat,,
repeated,,
report,,
reported,,
research,,
resemble,,
resisting,,
resort,,
resorts,,
respond,,
responsible,,
rest,,
restaurant,,
rested,,
resume,,
retains,,
revealed,,
revolver,,
rheumatism,,
ridiculous,,
right,,
ringing,,
roads,,
robe,,
rochester,,
role,,
rome,,
roof,,
room,,
roommate,,
row,,
rugged,,
ruin,,
ruined,,
rules,,
run,,
running,,
rutland,,
s,,
sacrifice,,
sad,,
said,,
salt,,
same,,
sane,,
sank,,
sauce,,
saved,,
saw,,
say,,
saying,,
says,,
scantily,,
scheduled,,
schizophrenic,,
school,,
schoolgirl,,
schoolteacher,,
science,,
scientific,,
scientist,,
scissors,,
scoffs,,
scream,,
scurvy,,
search,,
second,,
secret,,
secretary,,
secrets,,
sedative,,
see,,
seeing,,
seem,,
seemed,,
seems,,
seen,,
senility,,
sense,,
sensible,,
sent,,
sentence,,
sentimental,,
sergeant,,
service,,
set,,
seven,,
several,,
shadow,,
shaker,,
shakespearean,,
shall,,
she,,
sheriff,,
shifted,,
shock,,
shocked,,
shoot,,
shooting,,
shortcut,,
shortsighted,,
shot,,
should,,
shouldn,,
show,,
showing,,
sick,,
sicker,,
side,,
sighing,,
sighs,,
sight,,
silly,,
simple,,
sin,,
since,,
single,,
sink,,
sir,,
sit,,
sitting,,
situation,,
six,,
skating,,
ski,,
skiing,,
skin,,
skis,,
sled,,
sleep,,
sleeping,,
sleeps,,
slightly,,
slip,,
sloping,,
slowly,,
small,,
smiling,,
smitten,,
smoke,,
smug,,
snooping,,
snooty,,
snow,,
so,,
sobbing,,
social,,
socially,,
soldier,,
solomon,,
solution,,
some,,
somebody,,
someone,,
someplace,,
something,,
sometimes,,
somewhat,,
somewhere,,
soon,,
sorry,,
sort,,
sought,,
sound,,
sounds,,
spaces,,
speak,,
speaker,,
speaking,,
speaks,,
special,,
spells,,
spending,,
spent,,
spiked,,
spoke,,
sports,,
spot,,
spotted,,
spread,,
spreading,,
spurious,,
staff,,
stair,,
stand,,
standing,,
start,,
started,,
state,,
station,,
stay,,
steadier,,
steal,,
stealing,,
step,,
stick,,
still,,
stirred,,
stocking,,
stop,,
story,,
straighten,,
straightening,,
strain,,
strikes,,
striking,,
struck,,
struggle,,
stuff,,
stupid,,
subconscious,,
subject,,
subterfuge,,
success,,
successor,,
such,,
sudden,,
suddenly,,
suffering,,
suggest,,
suitcase,,
summer,,
sun,,
superb,,
superior,,
supper,,
supply,,
suppose,,
supposed,,
sure,,
surgery,,
surpassing,,
surprised,,
surprises,,
surrounded,,
suspected,,
suspicious,,
sweet,,
sweetheart,,
swimming,,
swooning,,
symbolism,,
symbolized,,
symphony,,
symptom,,
t,,
table,,
tablecloth,,
take,,
taken,,
taking,,
talents,,
talk,,
talkin,,
talking,,
talks,,
tall,,
taught,,
tax,,
teeth,,
telegraph,,
telephone,,
telephoned,,
tell,,
telling,,
ten,,
tennis,,
terrible,,
terribly,,
textbook,,
than,,
thank,,
thanks,,
that,,
their,,
them,,
then,,
theories,,
theory,,
there,,
therefore,,
these,,
they,,
thing,,
things,,
think,,
thinking,,
thinks,,
third,,
this,,
those,,
thought,,
thoughts,,
threads,,
threatened,,
three,,
throat,,
through,,
throw,,
ticket,,
tickets,,
tidings,,
tied,,
till,,
time,,
times,,
tiny,,
tired,,
to,,
today,,
together,,
told,,
tomorrow,,
tones,,
tonight,,
too,,
took,,
touch,,
touched,,
touches,,
toward,,
town,,
trace,,
track,,
tracks,,
trail,,
train,,
transfer,,
transferred,,
transport,,
trap,,
travel,,
treat,,
treated,,
treatment,,
tree,,
trees,,
tremor,,
trick,,
tricks,,
tried,,
trifles,,
trouble,,
troublesome,,
true,,
trust,,
trusted,,
truth,,
truthfully,,
try,,
trying,,
turn,,
turned,,
turns,,
two,,
type,,
typical,,
typing,,
uh,,
unable,,
uncover,,
under,,
underneath,,
understand,,
undo,,
unethical,,
unfair,,
unlock,,
unorthodox,,
unrealistic,,
unreasonable,,
until,,
up,,
upper,,
upset,,
upstairs,,
us,,
use,,
used,,
usual,,
usually,,
vacation,,
vague,,
vaguely,,
valentine,,
valley,,
valleys,,
valuable,,
various,,
ve,,
very,,
veteran,,
victim,,
visit,,
visited,,
vital,,
vocal,,
voice,,
volume,,
wac,,
wait,,
waiting,,
waitress,,
wake,,
walk,,
walking,,
walls,,
wandering,,
want,,
wanted,,
wants,,
war,,
warn,,
warning,,
wars,,
was,,
washington,,
wasn,,
wasting,,
watch,,
watched,,
watching,,
way,,
ways,,
we,,
weapon,,
wear,,
week,,
weight,,
welcome,,
well,,
went,,
were,,
weren,,
what,,
whatever,,
wheel,,
when,,
where,,
wherever,,
which,,
while,,
whispering,,
whistle,,
white,,
who,,
whoever,,
whole,,
whom,,
whoops,,
whose,,
why,,
wide,,
wife,,
will,,
willing,,
win,,
window,,
winged,,
wings,,
winter,,
wise,,
wiseacre,,
wiser,,
wish,,
wishes,,
wishful,,
wishing,,
wit,,
witch,,
with,,
withering,,
without,,
witness,,
witted,,
woke,,
woman,,
women,,
won,,
wonderful,,
word,,
words,,
work,,
worked,,
working,,
world,,
worried,,
worry,,
worrying,,
worse,,
worth,,
would,,
wouldn,,
wqzk,,
wretched,,
write,,
writing,,
wrong,,
x,,
y,,
yeah,,
year,,
years,,
yelled,,
yes,,
yesterday,,
yet,,
york,,
young,,
younger,,
youngest,,
your,,
yours,,
yourself,,
youth,,
zannenbaum,,
